,name,value,open_value,market_cap(억원),market_cap_rank
0,삼성전자,82100,81100,4901191,코스피1위
1,SK하이닉스,140000,138000,1019203,코스피2위
2,LG화학,904000,853000,638155,코스피3위
3,NAVER,377500,386000,6294,코스피4위
4,삼성전자우,72200,72500,594124,코스피5위
5,현대차,235000,230500,502120,코스피6위
6,삼성바이오로직스,719000,735000,475726,코스피7위
7,삼성SDI,671000,658000,461410,코스피8위
8,카카오,471000,469000,417674,코스피9위
9,셀트리온,301500,305000,407109,코스피10위
10,기아차,81100,77700,328750,코스피11위
11,현대모비스,305000,304000,289119,코스피12위
12,POSCO,314500,299500,274203,코스피13위
13,LG전자,148500,142500,243017,코스피14위
14,LG생활건강,1511000,1490000,235991,코스피15위
15,SK이노베이션,252000,259000,233013,코스피16위
16,삼성물산,120000,120000,224264,코스피17위
17,엔씨소프트,931000,947000,204392,코스피18위
18,SK텔레콤,244000,245000,197020,코스피19위
19,KB금융,47000,46350,195430,코스피20위
20,SK,265500,267500,186807,코스피21위
21,신한지주,34000,34100,175644,코스피22위
22,삼성생명,80400,77900,16800,코스피23위
23,LG,90800,90500,156682,코스피24위
24,한국전력,23000,23200,147652,코스피25위
25,삼성전기,195000,191000,145653,코스피26위
26,삼성에스디에스,187500,187000,145083,코스피27위
27,아모레퍼시픽,237000,244500,138547,코스피28위
28,포스코케미칼,161000,156000,124716,코스피29위
29,하나금융지주,38550,39100,115743,코스피30위
30,롯데케미칼,322000,316500,11367,코스피31위
31,KT&G,79700,79400,109422,코스피32위
32,넷마블,122500,123000,105211,코스피33위
33,S-Oil,86800,88100,97722,코스피34위
34,한온시스템,17250,16750,92080,코스피35위
35,삼성화재,183000,180000,86696,코스피36위
36,SK바이오팜,109500,110000,85753,코스피37위
37,LG디스플레이,22500,22300,8509,코스피38위
38,고려아연,407000,406500,76801,코스피39위
39,한국조선해양,107000,107000,75727,코스피40위
40,빅히트,207500,209500,73919,코스피41위
41,현대글로비스,193500,191000,72562,코스피42위
42,HMM,21950,20000,72009,코스피43위
43,금호석유,234000,229000,71294,코스피44위
44,한화솔루션,43950,44150,7260,코스피45위
45,우리금융지주,9610,9700,69410,코스피46위
46,KT,26000,26050,67889,코스피47위
47,기업은행,8650,8580,63894,코스피48위
48,CJ제일제당,410000,412000,61722,코스피49위
49,미래에셋대우,9370,9380,6466,코스피50위
50,현대제철,43250,42400,57715,코스피51위
51,한국타이어앤테크놀로지,46400,48100,57478,코스피52위
52,강원랜드,26200,26100,56052,코스피53위
53,아모레G,65000,64900,53598,코스피54위
54,KODEX 200,41870,41470,51751,
55,LG유플러스,11700,11750,51084,코스피56위
56,오리온,129000,131500,51002,코스피57위
57,신풍제약,94400,87000,518,코스피58위
58,이마트,177000,180500,49340,코스피59위
59,LG이노텍,207500,205000,49109,코스피60위
60,대한항공,27700,27700,48256,코스피61위
61,한국금융지주,86300,86900,48092,코스피62위
62,코웨이,64600,65100,47675,코스피63위
63,녹십자,374500,368000,43766,코스피64위
64,현대건설,39050,39250,43484,코스피65위
65,SKC,114000,115500,43170,코스피66위
66,유한양행,60700,60200,42474,코스피67위
67,현대중공업지주,267000,271500,42182,코스피68위
68,맥쿼리인프라,11100,11150,41313,
69,삼성중공업,6470,6510,4761,코스피70위
70,두산중공업,10800,10950,4461,코스피71위
71,한미사이언스,59000,59700,39710,코스피72위
72,한진칼,58500,59300,38764,코스피73위
73,CJ대한통운,167000,170500,38097,코스피74위
74,삼성카드,32600,32800,37770,코스피75위
75,한미약품,312000,313500,37684,코스피76위
76,SK케미칼,315000,308000,36985,코스피77위
77,현대차2우B,101000,100500,36850,코스피78위
78,롯데쇼핑,128000,128500,36210,코스피79위
79,GS,38550,39000,35819,코스피80위
80,롯데지주,32800,33000,34410,코스피81위
81,팬오션,6430,5960,34373,코스피82위
82,쌍용양회,6820,6780,34363,코스피83위
83,두산퓨얼셀,51800,52400,33926,코스피84위
84,삼성증권,37700,38100,33666,코스피85위
85,동서,33550,40050,33449,코스피86위
86,두산밥캣,32950,32800,33032,코스피87위
87,호텔신라,83600,84300,32811,코스피88위
88,OCI,137500,126000,32793,코스피89위
89,한국항공우주,33350,33700,32508,코스피90위
90,키움증권,123500,123000,32051,코스피91위
91,LG화학우,411000,390000,31601,코스피92위
92,더존비즈온,104500,105000,31549,코스피93위
93,에스원,82600,83000,31387,코스피94위
94,NH투자증권,11050,11150,31096,코스피95위
95,일진머티리얼즈,67300,65000,31033,코스피96위
96,한국가스공사,33400,33700,3833,코스피97위
97,DB손해보험,43500,41950,3798,코스피98위
98,GS건설,36000,35950,3704,코스피99위
99,만도,62900,62600,29536,코스피100위
100,BGF리테일,168000,166000,29037,코스피101위
101,신세계,294500,288000,28994,코스피102위
102,GS리테일,37350,37050,28760,코스피103위
103,한화생명,3265,3175,28358,코스피104위
104,메리츠증권,4050,3990,27376,코스피105위
105,씨에스윈드,64700,63100,27285,코스피106위
106,TIGER 200,41680,41335,26738,
107,CJ,91500,92000,26697,코스피108위
108,대우조선해양,24850,24800,26662,코스피109위
109,한솔케미칼,234500,229500,26581,코스피110위
110,포스코인터내셔널,20900,21000,25785,코스피111위
111,하이트진로,36700,36100,25739,코스피112위
112,현대오토에버,122500,125000,25725,코스피113위
113,휠라홀딩스,42100,42200,25577,코스피114위
114,현대차우,104000,104000,25331,코스피115위
115,삼성엔지니어링,12800,12800,25088,코스피116위
116,DB하이텍,53600,52500,23798,코스피117위
117,한샘,101000,101500,23769,코스피118위
118,대우건설,5550,5600,23067,코스피119위
119,대한유화,351500,341500,22848,코스피120위
120,현대위아,82800,82100,22518,코스피121위
121,제일기획,19400,19400,22318,코스피122위
122,현대로템,19950,19850,21774,코스피123위
123,종근당,189000,184000,21595,코스피124위
124,한화,28650,28550,21476,코스피125위
125,LS,66300,66800,21349,코스피126위
126,F&F,138000,136500,21252,코스피127위
127,오뚜기,578000,577000,21224,코스피128위
128,DL이앤씨,109500,109000,21198,코스피129위
129,한화시스템,19200,18450,21164,코스피130위
130,현대백화점,89500,87000,2945,코스피131위
131,KODEX 200선물인버스2X,2150,2190,2853,
132,현대미포조선,52200,52500,2850,코스피133위
133,현대해상,23150,22500,2696,코스피134위
134,메리츠화재,17050,16900,2567,코스피135위
135,BNK금융지주,6260,6390,2404,코스피136위
136,대웅,34600,34850,2117,코스피137위
137,KODEX 단기채권,102735,102730,19143,
138,영원무역,42900,42700,19010,코스피139위
139,효성티앤씨,438000,435500,18955,코스피140위
140,프레스티지바이오파마,31250,31050,18780,코스피141위
141,한화에어로스페이스,37000,37200,18733,코스피142위
142,KCC,201000,201000,17862,코스피143위
143,현대엘리베이,43050,42600,17571,코스피144위
144,녹십자홀딩스,37250,36950,17518,코스피145위
145,KODEX 삼성그룹,9920,9830,17330,
146,효성,81500,82100,17173,코스피147위
147,두산인프라코어,7890,7870,17057,코스피148위
148,KODEX MSCI Korea TR,13455,13290,17047,
149,HDC현대산업개발,25800,26000,17004,코스피150위
150,메리츠금융지주,12500,12450,16751,코스피151위
151,아이에스동서,54000,54500,16682,코스피152위
152,농심,273500,275000,16636,코스피153위
153,LS ELECTRIC,55100,55500,16530,코스피154위
154,KODEX 레버리지,26065,25630,16369,
155,한국앤컴퍼니,17000,17000,15813,코스피156위
156,부광약품,23700,23650,15367,코스피157위
157,KODEX 200TR,13470,13415,15356,
158,TIGER MSCI Korea TR,16920,16750,15076,
159,대웅제약,128500,126500,14889,코스피160위
160,코오롱인더,54500,54000,14703,코스피161위
161,LG생활건강우,699000,703000,14677,코스피162위
162,신세계인터내셔날,204000,199000,14566,코스피163위
163,KODEX 종합채권(AA-이상)액티브,109075,108985,14448,
164,효성첨단소재,322000,324000,14425,코스피165위
165,롯데관광개발,20700,20000,14340,코스피166위
166,한국콜마,58900,58000,13477,코스피167위
167,솔루스첨단소재,43800,43500,13398,코스피168위
168,NHN,68400,68700,13382,코스피169위
169,SK네트웍스,5360,5440,13303,코스피170위
170,지누스,92000,92600,13254,코스피171위
171,롯데정밀화학,51300,51200,13235,코스피172위
172,DGB금융지주,7520,7580,12720,코스피173위
173,한전KPS,27800,27550,12510,코스피174위
174,KG동부제철,12300,12150,12301,코스피175위
175,동원시스템즈,47500,47800,12169,코스피176위
176,KBSTAR 200,41965,41570,12128,
177,DL,78300,79100,12090,코스피178위
178,이노션,60400,60000,12080,코스피179위
179,명신산업,29500,29800,12030,코스피180위
180,LG전자우,69600,68800,11961,코스피181위
181,JB금융지주,6020,6060,11858,코스피182위
182,KODEX 2차전지산업,18940,18600,11856,
183,세방전지,84400,83900,11816,코스피184위
184,코스맥스,117000,114500,11758,코스피185위
185,KODEX 인버스,3970,4010,11755,
186,다우기술,26150,25750,11733,코스피187위
187,영진약품,6350,6190,11614,코스피188위
188,한올바이오파마,22100,22100,11545,코스피189위
189,솔루엠,23500,22650,11537,코스피190위
190,영풍,624000,625000,11494,코스피191위
191,한미반도체,22250,22000,11459,코스피192위
192,SK디스커버리,59800,58900,11385,코스피193위
193,금호타이어,3950,3970,11347,코스피194위
194,롯데칠성,125500,126500,11264,코스피195위
195,에스엘,23250,23000,11207,코스피196위
196,아시아나항공,14700,14650,1939,코스피197위
197,보령제약,20600,20200,1737,코스피198위
198,GKL,17250,16900,1670,코스피199위
199,LG상사,27000,27300,1465,코스피200위
200,KODEX 코스닥150 레버리지,13920,13600,1245,
201,더블유게임즈,55700,55700,1235,코스피202위
202,코리안리,8320,8250,115,코스피203위
203,파미셀,16650,16000,9983,코스피204위
204,KODEX 단기채권PLUS,103005,102980,9954,
205,화승엔터프라이즈,16350,15700,9899,코스피206위
206,진에어,21950,21700,9878,코스피207위
207,CJ CGV,28000,27950,9828,코스피208위
208,태광산업,882000,901000,9820,코스피209위
209,티와이홀딩스,24400,24150,9802,코스피210위
210,풍산,34550,33750,9682,코스피211위
211,쿠쿠홀딩스,135000,133000,9602,코스피212위
212,하나투어,67500,67600,9409,코스피213위
213,휴켐스,22950,23000,9382,코스피214위
214,동국제강,9820,9200,9371,코스피215위
215,한섬,38000,38500,9359,코스피216위
216,동원산업,252500,258500,9286,코스피217위
217,제주항공,24100,23700,9278,코스피218위
218,현대그린푸드,9460,9350,9243,코스피219위
219,현대홈쇼핑,76900,77900,9228,코스피220위
220,S&T모티브,63100,63200,9227,코스피221위
221,후성,9780,9920,9057,코스피222위
222,쿠쿠홈시스,40050,40350,8986,코스피223위
223,유나이티드제약,55300,55300,8983,코스피224위
224,TIGER 200 IT,39010,38360,8886,
225,롯데하이마트,37600,37000,8876,코스피226위
226,TIGER 단기통안채,100100,100095,8872,
227,SK가스,95500,95100,8815,코스피228위
228,오리온홀딩스,13950,13850,8739,코스피229위
229,대상,25150,24750,8714,코스피230위
230,한세실업,21600,21000,8640,코스피231위
231,제이알글로벌리츠,5190,5160,8595,
232,TIGER TOP10,14905,14780,8563,
233,아모레퍼시픽우,79700,79700,8415,코스피234위
234,대한해운,3440,3245,8403,코스피235위
235,롯데리츠,4885,4895,8401,
236,ESR켄달스퀘어리츠,5840,5850,8366,
237,대한전선,964,917,8256,코스피238위
238,TIGER KRX2차전지K-뉴딜,16205,15935,8135,
239,LIG넥스원,36900,37100,8118,코스피240위
240,제이콘텐트리,49500,49050,8111,코스피241위
241,한일시멘트,116500,117500,8069,코스피242위
242,ARIRANG 200,42180,41890,7972,
243,롯데제과,123000,123500,7893,코스피244위
244,두산,47750,47450,7890,코스피245위
245,한국단자,75600,77400,7874,코스피246위
246,락앤락,14850,14700,7872,코스피247위
247,삼성SDI우,486000,473000,7863,코스피248위
248,TIGER 2차전지테마,16760,16520,7860,
249,미원상사,158000,159000,7853,코스피250위
250,삼양홀딩스,90800,89500,7776,코스피251위
251,넥센타이어,7950,8000,7765,코스피252위
252,동원F&B,199500,201000,7699,코스피253위
253,대신증권,15050,14900,7641,코스피254위
254,한전기술,19750,19100,7548,코스피255위
255,KINDEX 200,42090,41845,7513,
256,효성화학,234500,229000,7481,코스피257위
257,대덕전자,14900,14700,7363,코스피258위
258,미래에셋생명,4040,4035,7151,코스피259위
259,케이씨씨글라스,44450,45600,7099,코스피260위
260,삼화콘덴서,68200,67400,7089,코스피261위
261,효성중공업,75600,75700,7049,코스피262위
262,동아에스티,82800,82100,6992,코스피263위
263,현대건설기계,35250,35800,6945,코스피264위
264,현대일렉트릭,19200,18400,6921,코스피265위
265,SK디앤디,36400,36300,6912,코스피266위
266,덴티움,61900,59100,6852,코스피267위
267,동양생명,4220,4180,6809,코스피268위
268,경동나비엔,49700,49800,6762,코스피269위
269,애경산업,25600,25850,6761,코스피270위
270,삼양식품,89000,89700,6704,코스피271위
271,NICE,17450,17500,6610,코스피272위
272,일양약품,34600,34250,6604,코스피273위
273,동아쏘시오홀딩스,107000,110000,6586,코스피274위
274,LG하우시스,72600,73500,6511,코스피275위
275,대림건설,29500,29300,6506,코스피276위
276,HDC,10850,10800,6482,코스피277위
277,풀무원,17000,16850,6480,코스피278위
278,KOSEF 200,41995,41760,6404,
279,한진,42650,42900,6375,코스피280위
280,부산가스,57900,56900,6369,코스피281위
281,한일현대시멘트,37500,37100,6308,코스피282위
282,신성이엔지,3120,3090,6295,코스피283위
283,JW중외제약,29200,29450,6290,코스피284위
284,TIGER 차이나전기차SOLACTIVE,11205,10970,6266,
285,일진다이아,43950,44800,6242,코스피286위
286,잇츠한불,28400,28550,6228,코스피287위
287,진원생명과학,13800,14100,6178,코스피288위
288,SPC삼립,71600,72100,6178,코스피289위
289,TIGER 미국나스닥100,62845,62940,6159,
290,제일약품,41750,41900,6139,코스피291위
291,미래에셋대우2우B,4340,4400,6076,코스피292위
292,유안타증권,3035,3040,6058,코스피293위
293,롯데정보통신,39300,38750,6051,코스피294위
294,드림텍,9060,9100,5972,코스피295위
295,미원에스씨,117000,117500,5967,코스피296위
296,우리금융캐피탈,10350,10350,5956,코스피297위
297,삼부토건,4325,4230,5949,코스피298위
298,HANARO 200,41850,41490,5922,
299,서흥,50700,49950,5866,코스피300위
300,한진중공업,7000,7030,5829,코스피301위
301,삼양사,56500,56600,5827,코스피302위
302,한화투자증권,2710,2715,5814,코스피303위
303,세아베스틸,16200,15300,5810,코스피304위
304,우리종금,660,650,5770,코스피305위
305,율촌화학,23200,22700,5754,코스피306위
306,SGC에너지,38900,38450,5709,코스피307위
307,빙그레,57800,57900,5694,코스피308위
308,영원무역홀딩스,41550,41050,5666,코스피309위
309,BGF,5900,5750,5647,코스피310위
310,유니드,63000,62700,5601,코스피311위
311,현대퓨처넷,4940,3805,5576,코스피312위
312,코스모신소재,18750,18350,5484,코스피313위
313,해성디에스,31850,32650,5414,코스피314위
314,종근당홀딩스,107000,105000,5361,코스피315위
315,신영증권,56500,56200,5303,코스피316위
316,케이씨텍,25400,24900,5299,코스피317위
317,롯데손해보험,1685,1685,5229,코스피318위
318,한국콜마홀딩스,28100,27750,5220,코스피319위
319,QV 코스피 변동성 매칭형 양매도 ETN,7400,7400,5180,
320,SK렌터카,10950,11100,5178,코스피321위
321,한국토지신탁,2035,2040,5138,코스피322위
322,한국자산신탁,3980,4010,4934,코스피323위
323,코오롱글로벌,19500,19000,4916,코스피324위
324,한국카본,11100,11300,4880,코스피325위
325,남선알미늄,4345,4340,4787,코스피326위
326,교보증권,7350,7310,4752,코스피327위
327,KOSEF 200TR,48935,48640,4747,
328,서울가스,94000,93700,4700,코스피329위
329,SMART 200TR,14025,13955,4670,
330,LF,15950,15800,4664,코스피331위
331,태영건설,11950,12100,4648,코스피332위
332,디피씨,11100,11200,4626,코스피333위
333,광동제약,8810,8750,4618,코스피334위
334,한화손해보험,3930,3915,4588,코스피335위
335,TIGER KRX BBIG K-뉴딜,12255,12295,4510,
336,KODEX 미국FANG플러스(H),25615,25425,4483,
337,화승인더,8090,7970,4475,코스피338위
338,삼성화재우,138500,139000,4421,코스피339위
339,삼성제약,6610,6490,4419,코스피340위
340,동방,11100,11000,4415,코스피341위
341,롯데푸드,387500,385000,4386,코스피342위
342,지역난방공사,37550,37650,4348,코스피343위
343,에이프로젠제약,1090,1100,4344,코스피344위
344,모토닉,13150,13200,4340,코스피345위
345,교촌에프앤비,17350,17400,4334,코스피346위
346,대성홀딩스,26900,26100,4328,코스피347위
347,한라홀딩스,41050,41000,4299,코스피348위
348,남해화학,8630,8670,4287,코스피349위
349,KODEX 자동차,23380,23010,4232,
350,SBS,23150,22600,4225,코스피351위
351,KODEX 코스닥150선물인버스,4740,4820,4219,
352,송원산업,17500,17550,4200,코스피353위
353,쌍용차,2770,0,4151,코스피354위
354,삼성출판사,41300,33350,4130,코스피355위
355,AK홀딩스,31100,30500,4120,코스피356위
356,KODEX 코스닥 150,14025,13835,4102,
357,KODEX Top5PlusTR,19770,19550,4073,
358,YG PLUS,6410,6230,4061,코스피359위
359,종근당바이오,73800,68100,4049,코스피360위
360,SK증권,852,849,4026,코스피361위
361,일동제약,16850,16650,4011,코스피362위
362,스카이라이프,8340,8370,3988,코스피363위
363,신영증권우,56500,56000,3985,코스피364위
364,아세아제지,44200,44800,3959,코스피365위
365,삼성 레버리지 WTI원유 선물 ETN,785,775,3956,
366,진흥기업,2715,2655,3950,코스피367위
367,삼성 코스피 양매도 5% OTM ETN,7855,7855,3928,
368,필룩스,4180,4195,3904,코스피369위
369,동화약품,13950,13600,3896,코스피370위
370,알루코,4665,4620,3882,코스피371위
371,신한 레버리지 WTI원유 선물 ETN(H),665,660,3857,
372,이월드,3730,3710,3847,코스피373위
373,신한알파리츠,7290,7240,3815,
374,선진,15950,16200,3793,코스피375위
375,하나제약,23350,23200,3783,코스피376위
376,KODEX WTI원유선물(H),9685,9610,3777,
377,맵스리얼티1,4065,4055,3774,
378,고려제강,16350,16050,3760,코스피379위
379,한국철강,8130,8010,3744,코스피380위
380,한독,27100,26700,3730,코스피381위
381,유진투자증권,3845,3870,3725,코스피382위
382,KODEX 코스피,30895,30555,3676,
383,케이씨,27100,27550,3673,코스피384위
384,현대차증권,12200,12300,3666,코스피385위
385,하이트진로홀딩스,15700,15650,3643,코스피386위
386,조광피혁,54600,55100,3630,코스피387위
387,DI동일,147000,148000,3624,코스피388위
388,환인제약,19400,19000,3608,코스피389위
389,엔에스쇼핑,10700,10450,3605,코스피390위
390,한국금융지주우,61400,61400,3597,코스피391위
391,KG케미칼,25850,25850,3584,코스피392위
392,무림P&P,5740,5790,3580,코스피393위
393,현대에너지솔루션,31800,32000,3562,코스피394위
394,엘브이엠씨홀딩스,4210,4190,3551,코스피395위
395,LG헬로비전,4570,4565,3539,코스피396위
396,대상홀딩스,9700,9760,3513,코스피397위
397,경방,12750,12600,3495,코스피398위
398,태림포장,4930,4940,3491,코스피399위
399,퍼시스,29900,29950,3438,코스피400위
400,농심홀딩스,74100,73900,3437,코스피401위
401,삼진제약,24400,24100,3392,코스피402위
402,JW홀딩스,4950,4940,3388,코스피403위
403,애경유화,10550,10550,3380,코스피404위
404,에이프로젠 KIC,1840,1845,3380,코스피405위
405,KODEX 선진국MSCI World,17065,16970,3379,
406,삼양패키징,23750,23500,3375,코스피407위
407,현대리바트,16400,16350,3368,코스피408위
408,이리츠코크렙,5290,5240,3351,
409,삼성전기우,115000,113500,3343,코스피410위
410,코람코에너지리츠,4795,4800,3338,
411,대교,3940,3900,3337,코스피412위
412,삼천리,82300,82000,3337,코스피413위
413,한솔테크닉스,10300,10200,3307,코스피414위
414,금호산업,9000,9020,3297,코스피415위
415,동성제약,12600,12600,3289,코스피416위
416,대원제약,16200,16550,3279,코스피417위
417,대한제강,13300,13200,3278,코스피418위
418,KINDEX 200TR,25095,24900,3262,
419,아세아시멘트,83600,85600,3257,코스피420위
420,JW생명과학,20400,20150,3230,코스피421위
421,한국쉘석유,247500,248500,3218,코스피422위
422,이아이디,415,438,3209,코스피423위
423,국도화학,55000,55200,3196,코스피424위
424,한솔제지,13350,13350,3177,코스피425위
425,이수화학,12200,12150,3160,코스피426위
426,조선내화,79000,79300,3160,코스피427위
427,TIGER CD금리투자KIS(합성),50230,50230,3147,
428,웅진씽크빅,2715,2610,3136,코스피429위
429,한일홀딩스,10850,10800,3127,코스피430위
430,TIGER 차이나CSI300,12075,12050,3115,
431,한화3우B,13700,13700,3079,코스피432위
432,아이마켓코리아,8690,8700,3076,코스피433위
433,현대비앤지스틸,20350,19600,3069,코스피434위
434,티웨이항공,2780,2790,3067,코스피435위
435,이연제약,17100,17100,3062,코스피436위
436,코리아써키트,12950,13050,3059,코스피437위
437,세아홀딩스,75900,74700,3036,코스피438위
438,경보제약,12600,12500,3012,코스피439위
439,CJ4우(전환),71200,71700,3009,코스피440위
440,한세예스24홀딩스,7520,7340,3008,코스피441위
441,KBSTAR ESG사회책임투자,13860,13765,2994,
442,코스모화학,11450,11650,2990,코스피443위
443,신도리코,29650,29450,2989,코스피444위
444,대영포장,2750,2890,2981,코스피445위
445,경농,13700,13250,2972,코스피446위
446,동양,1245,1225,2972,코스피447위
447,그린케미칼,12350,12550,2964,코스피448위
448,에어부산,3610,3640,2963,코스피449위
449,S&T홀딩스,18150,17950,2959,코스피450위
450,KPX케미칼,61000,61000,2952,코스피451위
451,유니퀘스트,10800,10600,2951,코스피452위
452,대신증권우,11300,11100,2938,코스피453위
453,삼화페인트,10850,10850,2934,코스피454위
454,아모레G3우(전환),41350,40800,2933,코스피455위
455,자이에스앤디,10850,10950,2906,코스피456위
456,IHQ,1970,1890,2881,코스피457위
457,제일파마홀딩스,18000,18100,2875,코스피458위
458,금호에이치티,2290,2295,2868,코스피459위
459,인스코비,2785,2835,2849,코스피460위
460,제주은행,8850,9340,2843,코스피461위
461,디티알오토모티브,28350,28400,2833,코스피462위
462,KCTC,9360,9130,2808,코스피463위
463,E1,40750,40400,2795,코스피464위
464,세진중공업,4900,4770,2786,코스피465위
465,KEC,2370,2400,2766,코스피466위
466,코오롱,21900,21900,2765,코스피467위
467,경인양행,6690,6710,2763,코스피468위
468,자화전자,15400,15450,2757,코스피469위
469,SBS미디어홀딩스,1970,1925,2756,코스피470위
470,KISCO홀딩스,14900,14650,2753,코스피471위
471,도화엔지니어링,8150,8200,2748,코스피472위
472,휴비스,7950,8000,2743,코스피473위
473,세방,14200,14250,2742,코스피474위
474,HANARO MSCI Korea TR,16900,16775,2738,
475,동부건설,12050,12000,2736,코스피476위
476,인지컨트롤스,18000,18150,2729,코스피477위
477,삼영무역,14650,14550,2705,코스피478위
478,세종공업,9650,9490,2685,코스피479위
479,삼익THK,12750,12900,2678,코스피480위
480,신세계푸드,69100,69600,2676,코스피481위
481,센트랄모텍,30850,29550,2656,코스피482위
482,금호석유우,87600,86300,2649,코스피483위
483,현대약품,8230,8350,2634,코스피484위
484,한농화성,16750,17250,2619,코스피485위
485,팜스코,7130,7170,2619,코스피486위
486,신대양제지,64800,64000,2611,코스피487위
487,KSS해운,11150,10600,2585,코스피488위
488,KTB투자증권,4275,4320,2578,코스피489위
489,대원강업,4155,4135,2576,코스피490위
490,흥국화재,4000,4025,2570,코스피491위
491,광주신세계,160500,160500,2568,코스피492위
492,서연,10900,12000,2559,코스피493위
493,TIGER 글로벌4차산업혁신기술(합성 H),16900,16955,2535,
494,화승알앤에이,3650,0,2520,코스피495위
495,일진홀딩스,5060,5000,2497,코스피496위
496,넥센,4660,4700,2495,코스피497위
497,현대상사,18850,17750,2494,코스피498위
498,풍산홀딩스,23900,23950,2488,코스피499위
499,S&T중공업,7480,7450,2487,코스피500위
500,계룡건설,27650,27600,2469,코스피501위
501,DB금융투자,5800,5830,2462,코스피502위
502,아남전자,3185,3120,2456,코스피503위
503,세아제강,86200,88000,2445,코스피504위
504,CJ제일제당 우,183000,184500,2429,코스피505위
505,KODEX 은행,6610,6605,2423,
506,대한제분,142500,143000,2408,코스피507위
507,해태제과식품,8270,8120,2408,코스피508위
508,현대차3우B,98700,97900,2397,코스피509위
509,신세계 I&C,138000,137000,2374,코스피510위
510,용평리조트,4930,4880,2373,코스피511위
511,KPX홀딩스,55900,56000,2362,코스피512위
512,HSD엔진,7120,6900,2346,코스피513위
513,부국증권,22550,22100,2338,코스피514위
514,SK케미칼우,160000,153000,2334,코스피515위
515,KBSTAR Fn수소경제테마,12745,12685,2332,
516,사조산업,46200,37550,2310,코스피517위
517,KODEX 골드선물(H),11565,11550,2301,
518,SK이노베이션우,184000,188500,2297,코스피519위
519,대덕,6760,6800,2291,코스피520위
520,서연이화,8420,9000,2276,코스피521위
521,신한 WTI원유 선물 ETN(H),4540,4505,2270,
522,BYC,363000,359500,2267,코스피523위
523,LS전선아시아,7400,7310,2266,코스피524위
524,코오롱머티리얼,3300,3275,2266,코스피525위
525,아시아나IDT,20400,20150,2264,코스피526위
526,키다리스튜디오,11700,11950,2237,코스피527위
527,신성통상,1540,1560,2213,코스피528위
528,SIMPAC,3355,3350,2195,코스피529위
529,LG우,66000,65600,2188,코스피530위
530,샘표식품,47800,48050,2184,코스피531위
531,오리엔트바이오,1835,1895,2176,코스피532위
532,효성ITX,18800,19100,2173,코스피533위
533,동성코퍼레이션,4930,4965,2169,코스피534위
534,에이블씨엔씨,8000,8080,2163,코스피535위
535,코오롱플라스틱,5690,5660,2162,코스피536위
536,TIGER 코스닥150,14065,13860,2155,
537,일성신약,80600,79800,2144,코스피538위
538,LS네트웍스,2715,2680,2140,코스피539위
539,KINDEX 중국본토CSI300,32295,31920,2131,
540,일신방직,88500,89000,2124,코스피541위
541,남양유업,295000,294000,2124,코스피542위
542,대한방직,39800,39700,2109,코스피543위
543,금양,4770,4750,2101,코스피544위
544,삼영전자,10500,10500,2100,코스피545위
545,동양물산,1515,1520,2074,코스피546위
546,신풍제약우,93700,86900,2061,코스피547위
547,한신공영,17800,18050,2060,코스피548위
548,예스코홀딩스,34200,34450,2052,코스피549위
549,두산퓨얼셀1우,15200,15550,2031,코스피550위
550,디아이,6410,6140,2019,코스피551위
551,아세아,92100,91700,2018,코스피552위
552,대한제당,22350,22550,2005,코스피553위
553,삼양통상,66300,66200,1989,코스피554위
554,한국주철관,8700,8530,1984,코스피555위
555,한국화장품,12300,12300,1976,코스피556위
556,수산중공업,3645,3800,1968,코스피557위
557,KOSEF 국고채10년,120630,120225,1966,
558,무학,6870,6930,1958,코스피559위
559,HDC현대EP,6110,6170,1949,코스피560위
560,테이팩스,41100,41850,1939,코스피561위
561,HANARO 단기통안채,102965,102965,1934,
562,KINDEX 베트남VN30(합성),16765,16370,1928,
563,S-Oil우,47550,48850,1912,코스피564위
564,성신양회,7800,7840,1912,코스피565위
565,대동공업,8040,8100,1908,코스피566위
566,동일산업,78500,78000,1904,코스피567위
567,KODEX 반도체,35580,35090,1904,
568,명문제약,5550,5400,1884,코스피569위
569,백산,7780,7280,1883,코스피570위
570,GS글로벌,2275,2285,1878,코스피571위
571,노루페인트,9370,9410,1874,코스피572위
572,미래에셋 레버리지 원유선물혼합 ETN(H),4560,4490,1870,
573,AJ네트웍스,3980,4000,1864,코스피574위
574,화신,5310,5080,1854,코스피575위
575,동아지질,16100,16200,1852,코스피576위
576,KBSTAR 단기통안채,104320,104295,1846,
577,이엔플러스,4095,4000,1844,코스피578위
578,세아제강지주,44500,44150,1843,코스피579위
579,삼성 KTOP30 ETN,18415,18415,1842,
580,삼성물산우B,113000,113000,1839,코스피581위
581,하나 코스피 변동성추세 추종 양매도 ETN,7305,7305,1826,
582,대창,1990,1990,1814,코스피583위
583,KBSTAR 코스닥150선물레버리지,14010,13590,1806,
584,한라,4610,4640,1792,코스피585위
585,포스코강판,29500,29200,1770,코스피586위
586,미원홀딩스,76200,76700,1768,코스피587위
587,유니온머티리얼,4195,4295,1762,코스피588위
588,DB,871,886,1752,코스피589위
589,KBSTAR 코스피,30985,30790,1751,
590,대성산업,3870,3500,1751,코스피591위
591,신세계건설,43550,44500,1742,코스피592위
592,TIGER 중국소비테마,8145,8060,1718,
593,영풍제지,7690,7700,1707,코스피594위
594,사조동아원,1205,1170,1701,코스피595위
595,비케이탑스,12950,13400,1700,코스피596위
596,디와이파워,15350,15550,1695,코스피597위
597,ARIRANG 고배당주,11220,11205,1693,
598,ARIRANG 코스피TR,15165,15055,1691,
599,동남합성,46700,47200,1686,코스피600위
600,성창기업지주,2415,2390,1684,코스피601위
601,KODEX 배당가치,12760,12640,1684,
602,KBSTAR 코스닥150,13835,13680,1682,
603,한국화장품제조,36900,36700,1672,코스피604위
604,인바이오젠,3240,3270,1671,코스피605위
605,백광산업,3700,3615,1662,코스피606위
606,벽산,2410,2425,1652,코스피607위
607,일동홀딩스,14300,14400,1650,코스피608위
608,카프로,4120,4100,1648,코스피609위
609,태경산업,5630,5680,1646,코스피610위
610,TIGER 단기채권액티브,50065,50060,1645,
611,강남제비스코,25300,24250,1644,코스피612위
612,에쓰씨엔지니어링,5710,5700,1643,코스피613위
613,HANARO 200TR,48985,48420,1641,
614,HDC아이콘트롤스,9920,9580,1633,코스피615위
615,삼일씨엔에스,12700,13000,1617,코스피616위
616,써니전자,4630,4600,1613,코스피617위
617,NH투자증권우,8530,8550,1610,코스피618위
618,코스맥스비티아이,16750,16250,1609,코스피619위
619,서울식품,440,465,1608,코스피620위
620,모나리자,4385,4380,1604,코스피621위
621,신라교역,9960,9810,1594,코스피622위
622,국동,4085,4045,1591,코스피623위
623,제이에스코퍼레이션,11900,11950,1587,코스피624위
624,KINDEX 단기통안채,100210,100205,1582,
625,신일전자,2220,2180,1577,코스피626위
626,노루홀딩스,11800,11700,1568,코스피627위
627,CJ씨푸드,4360,4325,1567,코스피628위
628,디와이,5930,6030,1561,코스피629위
629,동양철관,1305,1305,1551,코스피630위
630,한솔홈데코,1925,1915,1551,코스피631위
631,사조대림,16900,16600,1549,코스피632위
632,덕성,9850,10450,1544,코스피633위
633,한국패러랠,1930,1925,1544,
634,진양홀딩스,2745,2755,1534,코스피635위
635,대한화섬,115500,112000,1534,코스피636위
636,NPC,4165,4240,1529,코스피637위
637,일진디스플,4435,4400,1529,코스피638위
638,STX엔진,6640,6700,1528,코스피639위
639,까뮤이앤씨,3360,3400,1517,코스피640위
640,남성,4175,3580,1512,코스피641위
641,TIGER 미국S&P500,10700,10705,1509,
642,국제약품,8190,8020,1507,코스피643위
643,지엠비코리아,7860,7820,1499,코스피644위
644,디씨엠,12800,12700,1498,코스피645위
645,쌍방울,625,628,1496,코스피646위
646,한솔홀딩스,3555,3515,1493,코스피647위
647,두산우,37350,37850,1493,코스피648위
648,핸즈코퍼레이션,6820,6790,1491,코스피649위
649,한전산업,4570,4615,1490,코스피650위
650,깨끗한나라,4000,4040,1490,코스피651위
651,계양전기,4530,4570,1477,코스피652위
652,삼익악기,1630,1615,1476,코스피653위
653,KBSTAR IT플러스,21270,21160,1472,
654,유수홀딩스,5610,5680,1461,코스피655위
655,토니모리,8270,8250,1459,코스피656위
656,삼원강재,3645,3695,1458,코스피657위
657,일신석재,1880,1875,1456,코스피658위
658,태경케미컬,12550,12600,1456,코스피659위
659,샘표,50600,49700,1455,코스피660위
660,DL이앤씨우,68200,68300,1442,코스피661위
661,조선선재,114500,112500,1440,코스피662위
662,TIGER 미국S&P500선물(H),43870,43825,1437,
663,동아타이어,10450,10350,1435,코스피664위
664,대성에너지,5200,5250,1430,코스피665위
665,한창제지,2395,2400,1429,코스피666위
666,금강공업,4880,5000,1416,코스피667위
667,에이플러스에셋,6260,6160,1415,코스피668위
668,SG세계물산,699,710,1415,코스피669위
669,화성산업,11350,11350,1413,코스피670위
670,DRB동일,7030,6930,1401,코스피671위
671,마니커,705,700,1399,코스피672위
672,웰바이오텍,2975,2860,1399,코스피673위
673,이수페타시스,3390,3370,1399,코스피674위
674,두올,5150,5070,1394,코스피675위
675,세원셀론텍,1965,1980,1393,코스피676위
676,아모레G우,21550,21550,1389,코스피677위
677,일진전기,3735,3760,1385,코스피678위
678,삼화전기,20900,20800,1382,코스피679위
679,큐로,604,605,1372,코스피680위
680,TIGER 헬스케어,44260,44115,1372,
681,광전자,2355,2445,1365,코스피682위
682,SK우,241000,242500,1364,코스피683위
683,범양건영,5490,5520,1363,코스피684위
684,크라운해태홀딩스,9180,9240,1363,코스피685위
685,유니온,8700,8760,1358,코스피686위
686,삼일제약,20250,20050,1356,코스피687위
687,미원화학,61500,61900,1353,코스피688위
688,TIGER 차이나CSI300레버리지(합성),33805,33545,1352,
689,신한 인버스 2X 천연가스 선물 ETN(H),6760,6670,1352,
690,TIGER 차이나항셍테크,10975,11050,1350,
691,넥스트사이언스,4090,4040,1347,코스피692위
692,서원,2815,2765,1336,코스피693위
693,TIGER 현대차그룹+펀더멘털,25920,25355,1332,
694,황금에스티,9430,9210,1320,코스피695위
695,부산산업,125000,126000,1320,코스피696위
696,인터지스,4435,4305,1319,코스피697위
697,대우부품,2765,2735,1317,코스피698위
698,우리들제약,8950,8950,1317,코스피699위
699,대유에이텍,1225,1160,1310,코스피700위
700,한양증권,10250,10300,1305,코스피701위
701,KINDEX 미국S&P500,10765,10805,1292,
702,보락,2150,2145,1288,코스피703위
703,세이브존I&C,3135,3115,1287,코스피704위
704,KTcs,3005,2870,1283,코스피705위
705,남광토건,13050,13400,1283,코스피706위
706,유화증권,2260,2270,1281,코스피707위
707,보해양조,1000,977,1274,코스피708위
708,KR모터스,1325,1275,1274,코스피709위
709,TIGER 반도체,36440,35885,1261,
710,KODEX 국채선물10년인버스,47145,47245,1259,
711,티웨이홀딩스,1620,1600,1242,코스피712위
712,무림페이퍼,2985,2990,1242,코스피713위
713,한국공항,39200,39350,1241,코스피714위
714,KINDEX 미국나스닥100,10790,10765,1241,
715,삼성 인버스 2X 천연가스 선물 ETN B,24810,24570,1240,
716,형지엘리트,3980,3990,1240,코스피717위
717,크라운제과,9880,9840,1237,코스피718위
718,신원,1450,1430,1233,코스피719위
719,TRUE 코스피 양매도 5% OTM ETN,8200,8170,1230,
720,디아이씨,3160,3200,1229,코스피721위
721,시디즈,60900,60100,1218,코스피722위
722,KODEX 은선물(H),5245,5250,1217,
723,대신 골드 커버드콜 타겟 5%인컴 ETN(H),12145,12145,1214,
724,극동유화,3475,3590,1212,코스피725위
725,S&TC,16100,16200,1209,코스피726위
726,미창석유,69400,77300,1207,코스피727위
727,CJ우,53400,54200,1207,코스피728위
728,동일고무벨트,8830,8860,1205,코스피729위
729,TIGER 200선물레버리지,19520,19140,1191,
730,신흥,12400,12500,1190,코스피731위
731,퍼스텍,2470,2415,1187,코스피732위
732,태경비케이,4300,4370,1186,코스피733위
733,미래에셋 코스피 양매도 5% OTM ETN,7865,7865,1180,
734,TIGER 200선물인버스2X,2230,2265,1166,
735,우리들휴브레인,2300,2335,1159,코스피736위
736,에넥스,1930,2030,1158,코스피737위
737,TIGER 경기방어,12115,12090,1153,
738,한국ANKOR유전,1645,1650,1152,
739,SG충방,2550,2480,1147,코스피740위
740,KBSTAR 중기우량회사채,105420,105450,1139,
741,KODEX 단기변동금리부채권액티브,102465,102465,1138,
742,한진중공업홀딩스,3845,3750,1135,코스피743위
743,기신정기,3885,3880,1134,코스피744위
744,대원전선,1595,1555,1133,코스피745위
745,삼호개발,4530,4600,1132,코스피746위
746,이지스밸류리츠,4715,4750,1132,
747,대양금속,3820,3865,1129,코스피748위
748,신한 레버리지 은 선물 ETN(H),11270,11315,1127,
749,현대코퍼레이션홀딩스,12350,12200,1124,코스피750위
750,이구산업,3350,3230,1120,코스피751위
751,경동도시가스,19000,18950,1120,코스피752위
752,KBSTAR 200TR,21090,20925,1118,
753,삼아알미늄,10150,10100,1116,코스피754위
754,TIGER 원유선물Enhanced(H),2905,2890,1111,
755,HANARO Fn K-뉴딜디지털플러스,12595,12595,1108,
756,한국석유,169000,181000,1107,코스피757위
757,광명전기,2555,2470,1107,코스피758위
758,텔코웨어,11400,11350,1106,코스피759위
759,영화금속,2070,2175,1105,코스피760위
760,새론오토모티브,5750,5850,1104,코스피761위
761,KODEX Fn성장,18385,18250,1103,
762,솔루스첨단소재1우,14900,14950,1098,코스피763위
763,STX,5560,5440,1097,코스피764위
764,인천도시가스,25000,25200,1094,코스피765위
765,웅진,1370,1225,1087,코스피766위
766,상상인증권,1125,1120,1081,코스피767위
767,KODEX 한국대만IT프리미어,19820,19900,1070,
768,엔케이,1335,1350,1068,코스피769위
769,한미글로벌,9740,9710,1067,코스피770위
770,조비,20550,20300,1067,코스피771위
771,세아특수강,12450,12400,1067,코스피772위
772,영흥,1120,1135,1060,코스피773위
773,세우글로벌,3680,3770,1056,코스피774위
774,대신증권2우B,10550,10500,1055,코스피775위
775,윌비스,1600,1615,1052,코스피776위
776,SH에너지화학,946,976,1051,코스피777위
777,센트럴인사이트,7730,7200,1050,코스피778위
778,KODEX 미국S&P500선물(H),18040,18005,1046,
779,덕양산업,3195,3295,1040,코스피780위
780,KODEX 차이나항셍테크,11005,10985,1040,
781,KC코트렐,7970,8090,1036,코스피782위
782,조흥,172500,173500,1035,코스피783위
783,TRUE 인버스 2X 천연가스 선물 ETN(H),20595,20305,1030,
784,KBSTAR 국고채3년선물인버스,99590,99585,1027,
785,신풍제지,2930,2910,1024,코스피786위
786,유니켐,1490,1460,1024,코스피787위
787,NI스틸,3575,3465,1022,코스피788위
788,KINDEX 삼성그룹섹터가중,15855,15825,1015,
789,세화아이엠씨,643,654,1013,코스피790위
790,우성사료,3270,3240,1010,코스피791위
791,세하,1750,1720,1007,코스피792위
792,콤텍시스템,1480,1490,1004,코스피793위
793,KBSTAR Fn5G테크,11130,10810,1002,
794,국보,2025,2045,1000,코스피795위
795,KODEX MSCI Korea,19995,19825,1000,
796,유유제약,12400,12650,996,코스피797위
797,TRUE 레버리지 나스닥 100 ETN,19795,19675,990,
798,TIGER 탄소효율그린뉴딜,9860,9760,986,
799,KTis,2815,2775,980,코스피800위
800,고려산업,3925,3950,979,코스피801위
801,이지스레지던스리츠,4750,4750,978,
802,대구백화점,9040,9250,978,코스피803위
803,KBSTAR 대형고배당10TR,16955,16785,975,
804,상신브레이크,4540,4390,975,코스피805위
805,한국특수형강,1830,1850,974,코스피806위
806,사조오양,10300,10200,971,코스피807위
807,TCC스틸,4210,4350,968,코스피808위
808,대유플러스,814,827,968,코스피809위
809,KODEX 중국본토CSI300,14620,14415,965,
810,이건산업,8780,8820,962,코스피811위
811,삼영화학,2820,2860,959,코스피812위
812,미래에셋맵스리츠,4745,4740,954,
813,대신 철광석 선물 ETN(H),47630,47275,953,
814,KC그린홀딩스,4245,4250,952,코스피815위
815,KBSTAR 단기국공채액티브,101880,101875,943,
816,TRUE 레버리지 S&P500 선물 ETN(H),18760,18635,938,
817,방림,2215,2025,937,코스피818위
818,대창단조,6540,6500,934,코스피819위
819,STX중공업,3290,3255,933,코스피820위
820,천일고속,64900,63800,928,코스피821위
821,우신시스템,5030,5100,921,코스피822위
822,태평양물산,1910,1920,920,코스피823위
823,신한 레버리지 천연가스 선물 ETN,4590,4660,918,
824,대현,2070,2090,917,코스피825위
825,쎌마테라퓨틱스,7430,7380,916,코스피826위
826,휴니드,6470,6490,913,코스피827위
827,동방아그로,6690,6650,911,코스피828위
828,KODEX 국고채3년,58070,58100,906,
829,TIGER 중장기국채,52320,52250,900,
830,대림B&Co,5380,5520,897,코스피831위
831,한국프랜지,2935,2945,894,코스피832위
832,비비안,3340,3400,893,코스피833위
833,한솔로지스틱스,3245,3175,892,코스피834위
834,사조씨푸드,5160,5150,888,코스피835위
835,부국철강,4420,4475,884,코스피836위
836,모나미,4665,4650,882,코스피837위
837,TIGER 미국S&P500레버리지(합성 H),24455,24320,880,
838,호전실업,11000,10650,880,코스피839위
839,지투알,5310,5370,880,코스피840위
840,페이퍼코리아,2345,2330,879,코스피841위
841,TIGER 유로스탁스50(합성 H),12425,12350,870,
842,한국내화,3780,3755,864,코스피843위
843,한국수출포장,21550,21600,862,코스피844위
844,비상교육,6630,6680,862,코스피845위
845,DSR,5380,5390,861,코스피846위
846,참엔지니어링,1550,1535,859,코스피847위
847,동성화학,16100,16100,859,코스피848위
848,가온전선,20400,20650,849,코스피849위
849,우진,4200,4060,848,코스피850위
850,한국종합기술,7670,7510,840,코스피851위
851,TIGER 코스닥150 레버리지,14770,14455,834,
852,신영와코루,92200,91000,830,코스피853위
853,성보화학,4130,4115,827,코스피854위
854,삼성 레버리지 천연가스 선물 ETN B,8260,8410,826,
855,한창,1225,1215,818,코스피856위
856,제이준코스메틱,2210,2220,816,코스피857위
857,세원정공,8090,0,809,코스피858위
858,조광페인트,6320,6420,809,코스피860위
859,삼화왕관,37550,37550,809,코스피859위
860,유성기업,3100,3090,804,코스피861위
861,경동인베스트,33800,34200,799,코스피862위
862,영보화학,3970,3965,794,코스피863위
863,NH프라임리츠,4215,4215,787,
864,DSR제강,5460,5280,786,코스피865위
865,동양피스톤,5920,5900,780,코스피866위
866,문배철강,3800,3700,779,코스피867위
867,인디에프,1305,1290,769,코스피868위
868,KBSTAR 미국S&P원유생산기업(합성 H),3845,3820,767,
869,다스코,4970,4980,765,코스피870위
870,만호제강,18250,18350,757,코스피871위
871,TIGER 차이나HSCEI,13280,13335,757,
872,TIGER 차이나바이오테크SOLACTIVE,11535,11465,757,
873,혜인,5930,5990,754,코스피874위
874,대원화성,1825,1850,753,코스피875위
875,제일연마,7390,7270,739,코스피876위
876,녹십자홀딩스2우,87100,88000,737,코스피877위
877,인팩,7340,7350,734,코스피878위
878,TIGER KRX바이오K-뉴딜,10180,10290,733,
879,KODEX KRX300,19195,19100,729,
880,한익스프레스,6050,6040,726,코스피881위
881,대신 2X 니켈선물 ETN(H),14515,13875,726,
882,TRUE 인버스 2X 나스닥 100 ETN,2405,2420,722,
883,삼정펄프,28850,28750,721,코스피884위
884,미래아이앤지,555,554,719,코스피885위
885,휴스틸,9390,9380,716,코스피886위
886,유양디앤유,1220,0,714,코스피887위
887,미래에셋 전기전자 Core5 ETN,35555,34810,711,
888,코오롱인더우,25650,25600,710,코스피889위
889,화인베스틸,2380,2370,703,코스피890위
890,KB Wise 분할매매 ETN,11720,11720,703,
891,화천기공,31800,31900,700,코스피892위
892,유한양행우,59100,59500,698,코스피893위
893,TIGER 소프트웨어,16525,16565,697,
894,미래에셋대우우,4900,4895,690,코스피895위
895,삼성공조,8470,8400,688,코스피896위
896,키위미디어그룹,1105,0,685,코스피897위
897,ARIRANG 신흥국MSCI(합성 H),12925,12720,680,
898,동양고속,23450,23350,679,코스피899위
899,SK디스커버리우,49900,49050,678,코스피900위
900,CS홀딩스,58700,58000,678,코스피901위
901,일성건설,1250,1250,675,코스피902위
902,DL우,39600,40500,668,코스피903위
903,대호에이엘,2460,2300,668,코스피904위
904,금비,66700,66100,667,코스피905위
905,KBSTAR 중국본토대형주CSI100,22995,23000,667,
906,TIGER 미국MSCI리츠(합성 H),12560,12415,666,
907,KODEX 심천ChiNext(합성),12600,12400,655,
908,삼성 레버리지 China A50 선물 ETN(H),65200,64715,652,
909,KODEX 증권,7620,7625,644,
910,QV 하드웨어 TOP5 ETN,31960,31795,639,
911,SJM,4085,4100,637,코스피912위
912,TIGER 200TR,21965,21675,637,
913,선도전기,3535,3520,636,코스피914위
914,메타랩스,997,1005,635,코스피915위
915,TIGER 국채3년,111180,111155,634,
916,TIGER 코스피,30815,30685,632,
917,KBSTAR 금융채액티브,103365,103390,631,
918,호텔신라우,83000,83000,624,코스피919위
919,MH에탄올,8400,8050,620,코스피920위
920,KODEX 미디어&엔터테인먼트,21355,21420,619,
921,평화산업,1125,1110,618,코스피922위
922,우진플라임,6090,6000,609,코스피923위
923,TIGER 부동산인프라고배당,5050,5055,609,
924,부국증권우,20200,19950,606,코스피925위
925,케이탑리츠,1310,1325,606,
926,티에이치엔,3350,3390,603,코스피927위
927,KODEX 200IT TR,14605,14340,599,
928,미래산업,3200,3170,597,코스피929위
929,KODEX 미국달러선물,9970,10020,595,
930,TIGER 인버스,4370,4395,594,
931,한화솔루션우,52000,51600,584,코스피932위
932,대림통상,3835,3875,584,코스피933위
933,주연테크,1065,1030,582,코스피934위
934,한신기계,1785,1755,579,코스피935위
935,대동전자,5520,5580,579,코스피936위
936,KODEX IT,21355,20950,577,
937,롯데지주우,57900,58500,572,코스피938위
938,우진아이엔에스,7500,7500,572,코스피939위
939,전방,33950,33500,570,코스피940위
940,진양산업,4385,4340,570,코스피941위
941,미래에셋 레버리지 S&P500 ETN(H),28415,28415,568,
942,한일철강,2135,2150,564,코스피943위
943,TIGER MSCI KOREA ESG리더스,11945,11850,563,
944,삼성 레버리지 은 선물 ETN(H),18700,18785,561,
945,신한 레버리지 다우존스지수 선물 ETN(H),27955,27895,559,
946,동원금속,1195,1105,559,코스피947위
947,평화홀딩스,3815,3840,558,코스피948위
948,한국전자홀딩스,1190,1170,557,코스피949위
949,GS우,31150,31200,556,코스피950위
950,진도,4430,4725,551,코스피951위
951,폴루스바이오팜,1225,0,551,코스피952위
952,선창산업,4370,4380,551,코스피953위
953,화천기계,2500,2570,550,코스피954위
954,두산퓨얼셀2우B,18400,18700,549,코스피955위
955,이스타코,1280,1335,548,코스피956위
956,KBSTAR 미국나스닥100,10440,10420,543,
957,TIGER 200IT레버리지,67825,65500,543,
958,유엔젤,4100,4030,541,코스피959위
959,컨버즈,4100,0,539,코스피960위
960,TRUE S&P500 선물 ETN,10760,10760,538,
961,WISCOM,3495,3590,536,코스피962위
962,삼성 코스피 풋매도 ETN,10645,10645,532,
963,KODEX 코스피대형주,14730,14675,530,
964,TRUE 나스닥 100 ETN,10590,10605,530,
965,케이비아이동국실업,801,826,529,코스피966위
966,SJM홀딩스,3535,3515,528,코스피967위
967,SMART KRX300,19220,19020,519,
968,조일알미늄,608,615,517,코스피969위
969,TIGER 농산물선물Enhanced(H),5670,5670,510,
970,HANARO 200선물레버리지,28330,27835,510,
971,동일제강,3355,3510,503,코스피972위
972,체시스,1560,1585,499,코스피973위
973,대신 WTI원유 선물 ETN(H),6235,6190,499,
974,신송홀딩스,4200,4290,497,코스피975위
975,삼성 인버스 2X 나스닥 100 ETN(H),9905,9960,495,
976,대교우B,2545,2545,494,코스피977위
977,QV 소프트웨어 TOP5 ETN,24700,24550,494,
978,KODEX 건설,3100,3095,493,
979,KODEX 탄소효율그린뉴딜,9840,9755,492,
980,하이스틸,24550,25750,491,코스피981위
981,원림,22250,21350,490,코스피982위
982,롯데칠성우,62800,63000,487,코스피983위
983,두산2우B,54500,55000,487,코스피984위
984,KOSEF 단기자금,100975,100970,486,
985,하이트론,7170,7100,481,코스피986위
986,TIGER 미국채10년선물,11460,11475,481,
987,한성기업,7730,7760,480,코스피988위
988,진양화학,3980,4150,478,코스피989위
989,신한 인버스 2X 천연가스 선물 ETN,9545,9460,477,
990,KOSEF 통안채1년,101175,101175,476,
991,경인전자,30250,29500,475,코스피992위
992,태양금속,1290,1375,473,코스피993위
993,이화산업,16400,16500,459,코스피994위
994,KBSTAR KRX300,19395,19175,456,
995,TIGER 미국다우존스30,17520,17235,456,
996,KODEX 미국러셀2000(H),13940,13940,453,
997,TRUE 레버리지 천연가스 선물 ETN(H),4495,4555,450,
998,엔케이물산,554,562,440,코스피999위
999,한세엠케이,3400,3355,439,코스피1000위
1000,대한항공우,39450,40000,438,코스피1001위
1001,솔루스첨단소재2우B,26450,26100,435,코스피1002위
1002,갤럭시아에스엠,1540,1510,424,코스피1003위
1003,KBSTAR 중장기국공채액티브,103990,103925,423,
1004,미래에셋 미국 항공우주 ETN(H),21125,21195,422,
1005,TIGER 200 에너지화학,20490,20280,422,
1006,KODEX 코스피TR,13985,13835,420,
1007,TIGER KRX인터넷K-뉴딜,11210,11210,415,
1008,유화증권우,2355,2345,412,코스피1009위
1009,동원수산,8830,8780,411,코스피1010위
1010,삼성 China A50 선물 ETN(H),20420,20420,408,
1011,한솔PNS,1975,2000,405,코스피1012위
1012,TIGER 미디어컨텐츠,6935,6800,404,
1013,QV 화학 TOP5 ETN,19990,19990,400,
1014,KINDEX KIS종합채권(AA-이상)액티브,98695,98605,395,
1015,미래에셋 미국 대형주 ETN(H),19710,19710,394,
1016,성문전자,1985,1985,387,코스피1017위
1017,부산주공,680,686,387,코스피1018위
1018,미래에셋 중국 심천 100 ETN,19190,19290,384,
1019,TIGER 여행레저,4925,4870,381,
1020,TIGER 글로벌클라우드컴퓨팅INDXX,10075,10200,379,
1021,TRUE 코스피 양매도 ATM ETN,7570,7535,378,
1022,TIGER 미국달러단기채권액티브,9640,9695,378,
1023,삼화전자,3590,3610,375,코스피1024위
1024,TRUE 코스피 양매도 3% OTM ETN,7500,7500,375,
1025,삼성 미국 대형 성장주 ETN(H),18445,18485,369,
1026,신한 다우존스지수 선물 ETN(H),18440,18385,369,
1027,미래에셋 미국 중형주 ETN(H),18380,18380,368,
1028,KODEX 중국본토 A50,24390,24305,366,
1029,QV 레버리지 S&P500 ETN,18290,18290,366,
1030,KODEX 장기종합채권(AA-이상)액티브KAP,96500,96565,365,
1031,HANARO 200선물인버스,9105,9200,364,
1032,KODEX 200롱코스닥150숏선물,12125,12135,364,
1033,KODEX MSCI KOREA ESG유니버설,12510,12385,363,
1034,삼성 미국 대형 성장주 ETN,18055,18055,361,
1035,신한 S&P500 VIX S/T 선물 ETN B,11975,12180,359,
1036,바다로19호,2360,2350,359,
1037,성안,630,705,358,코스피1038위
1038,신한 구리 선물 ETN(H),17775,17155,356,
1039,KINDEX 국고채3년,107170,107195,354,
1040,코아스,1140,1145,352,코스피1041위
1041,미래에셋 에너지화학 Core5 ETN,17560,17560,351,
1042,TBH글로벌,1680,1680,350,코스피1043위
1043,HANARO 코스닥150,13865,13640,349,
1044,LG하우시스우,33800,33650,349,코스피1045위
1045,BYC우,160000,157000,345,코스피1046위
1046,KBSTAR 국고채3년,113405,113365,340,
1047,QV 바이오 TOP5 ETN,16995,16995,340,
1048,QV 자동차 TOP5 ETN,16965,16550,339,
1049,KODEX China H,22570,23070,339,
1050,KOSEF 국고채3년,112840,112740,339,
1051,KODEX 미국나스닥100선물(H),15815,15780,332,
1052,KODEX 미국달러선물레버리지,9205,9280,331,
1053,진양폴리,3300,3305,330,코스피1054위
1054,금호전기,2745,2680,329,코스피1055위
1055,TIGER KRX300,19155,19005,326,
1056,미래에셋 미디어엔터 Core5 ETN,16270,16270,325,
1057,신한 인버스 천연가스 선물 ETN(H),16040,15890,321,
1058,TIGER KRX게임K-뉴딜,10855,10910,320,
1059,삼성중공우,277000,282000,318,코스피1060위
1060,미래에셋 일본 대형주 ETN(H),15865,15865,317,
1061,태원물산,4155,4005,316,코스피1062위
1062,베트남개발1,229,230,315,
1063,신한 브렌트원유 선물 ETN(H),7880,7775,315,
1064,유안타증권우,2425,2445,313,코스피1065위
1065,미래에셋 미국 헬스케어 ETN(H),15500,15500,310,
1066,TIGER 200 금융,6520,6420,304,
1067,미래에셋 미국 고배당주 ETN(H),15150,15150,303,
1068,남양유업우,181500,184500,302,코스피1069위
1069,흥아해운,258,0,301,코스피1070위
1070,HANARO e커머스,16655,16775,300,
1071,미래에셋 원자재 선물 ETN(H),9955,9960,299,
1072,KINDEX 미국WideMoat가치주,14835,14960,297,
1073,KODEX China H 레버리지(H),7795,7650,296,
1074,TIGER 레버리지,24620,24225,295,
1075,ARIRANG 코스피,31095,30930,295,
1076,KBSTAR 200선물인버스2X,2150,2185,295,
1077,KINDEX 코스닥150,13935,13805,293,
1078,신한 K200 USD 선물 바이셀 ETN,14630,14410,293,
1079,에이엔피,1330,1385,290,코스피1080위
1080,신한 레버리지 금 선물 ETN,14465,14480,289,
1081,삼성 미국 대형 가치주 ETN(H),14385,14450,288,
1082,미래에셋 일본 중형주 ETN(H),14345,14345,287,
1083,TIGER 미국나스닥바이오,19095,19210,286,
1084,TIGER 차이나CSI300인버스(합성),7530,7505,286,
1085,KOSEF 미국달러선물,11845,11905,285,
1086,미래에셋 KRX금현물 Auto-KO-C 2312-01 ETN,9505,9560,285,
1087,KBSTAR 200선물레버리지,23665,23265,284,
1088,삼성 미국 대형 가치주 ETN,14130,14130,283,
1089,미래에셋 유럽 중형주 ETN(H),14065,14065,281,
1090,신한 은 선물 ETN(H),13975,13995,280,
1091,KODEX 필수소비재,9945,9985,278,
1092,파워 200,42725,42375,278,
1093,미래에셋 호주 ASX200 ETN(H),13880,13880,278,
1094,KOSEF 인도Nifty50(합성),15860,15880,278,
1095,KODEX Fn K-뉴딜디지털플러스,12605,12620,277,
1096,티와이홀딩스우,22000,22000,276,코스피1097위
1097,ARIRANG 미국S&P500(H),15325,15305,276,
1098,삼성 레버리지 금 선물 ETN(H),27525,27355,275,
1099,신한 레버리지 S&P500 선물 ETN,13710,13745,274,
1100,세방우,7280,7250,269,코스피1101위
1101,신화실업,22100,22950,268,코스피1102위
1102,KBSTAR 글로벌4차산업IT(합성 H),19750,19645,267,
1103,SMART KIS단기통안채,100225,100225,263,
1104,하이골드12호,2010,2000,262,
1105,에이리츠,6880,6850,261,
1106,신한 금 선물 ETN(H),13010,12990,260,
1107,KOSEF 200선물레버리지,23360,22990,259,
1108,QV 레버리지 WTI원유 선물 ETN(H),645,640,258,
1109,TIGER 코스닥150선물인버스,4850,4910,257,
1110,미래에셋 유럽 대형주 ETN(H),12760,12760,255,
1111,KODEX 미국S&P고배당커버드콜(합성 H),9765,9815,254,
1112,KODEX 배당성장,14825,14680,252,
1113,KODEX 200ESG,14805,14580,252,
1114,세기상사,61600,0,251,코스피1115위
1115,ARIRANG 미국장기우량회사채,92980,93675,251,
1116,KODEX 고배당,8910,8945,249,
1117,KODEX TRF3070,10845,10870,249,
1118,KINDEX S&P아시아TOP50,16560,16410,248,
1119,모두투어리츠,3105,3150,243,
1120,대상우,17700,17950,243,코스피1121위
1121,TIGER 화장품,3790,3750,241,
1122,HANARO Fn5G산업,12300,12175,240,
1123,TRUE 레버리지 유로스탁스50 ETN(H),11980,12160,240,
1124,KODEX 200가치저변동,10860,10770,239,
1125,삼성 Cushing 에너지인프라 MLP ETN,7860,7870,236,
1126,TIGER 200 건설,2695,2695,235,
1127,ARIRANG 단기채권액티브,105955,105955,234,
1128,TIGER 골드선물(H),12315,12295,234,
1129,씨아이테크,929,935,233,코스피1130위
1130,TIGER 단기선진하이일드(합성 H),12225,12195,232,
1131,미래에셋 Q150 Core5 ETN,11575,11475,232,
1132,KODEX 에너지화학,19450,19165,231,
1133,QV 에너지 TOP5 ETN,11365,11365,227,
1134,하이트진로2우B,20100,20200,227,코스피1135위
1135,KOSEF 코스닥150,7000,6930,227,
1136,QV 의료 TOP5 ETN,11295,11250,226,
1137,미래에셋 미국 시니어론 100 ETN,11255,11290,225,
1138,미래에셋 미국 시니어론 100 ETN(H),11215,11215,224,
1139,신한 콩 선물 ETN(H),11195,11095,224,
1140,삼성 KRX 금현물 ETN,11040,11170,221,
1141,KODEX 바이오,14470,14315,220,
1142,ARIRANG 미국단기우량회사채,95220,95835,219,
1143,덕성우,15700,16350,219,코스피1144위
1144,KINDEX 골드선물 레버리지(합성 H),15530,15405,217,
1145,신한 레버리지 미국달러 선물 ETN,10830,10900,217,
1146,삼성 Alerian 에너지인프라 MLP ETN,7185,7180,216,
1147,미래에셋 글로벌 리츠 ETN(H),10765,10765,215,
1148,FOCUS KRX300,19405,19200,213,
1149,KODEX 배당성장채권혼합,11770,11755,212,
1150,삼성 인버스 2X WTI원유 선물 ETN,705,715,212,
1151,KODEX 미국S&P에너지(합성),6720,6550,211,
1152,한진칼우,39200,39300,210,코스피1153위
1153,미래에셋 미국 리츠 ETN(H),10485,10515,210,
1154,TIGER 200에너지화학레버리지,22065,21800,210,
1155,삼성 코스피 풋매도 4% OTM ETN,10465,10465,209,
1156,TIGER 200 헬스케어,25470,25560,209,
1157,FOCUS ESG리더스,10665,10635,208,
1158,신한 인버스 옥수수 선물 ETN(H),10270,10260,205,
1159,QV iSelect 글로벌 EMP ETN(H),10230,10230,205,
1160,TIGER 인도니프티50레버리지(합성),18600,18315,205,
1161,HANARO 고배당,9435,9530,203,
1162,KOSEF 미국달러선물레버리지,8760,8810,202,
1163,KODEX KRX300레버리지,20210,20245,202,
1164,한국주강,1780,2150,201,코스피1165위
1165,QV 조선 TOP5 ETN,10035,9995,201,
1166,TIGER KIS부동산인프라채권TR,5250,5220,200,
1167,지코,306,0,198,코스피1168위
1168,KODEX 200exTOP,14070,13945,197,
1169,KODEX 국채선물10년,69550,69440,196,
1170,KODEX 글로벌4차산업로보틱스(합성),16620,16810,194,
1171,삼성 레버리지 나스닥 100 ETN(H),9670,9615,193,
1172,KODEX 헬스케어,19320,19320,193,
1173,하이골드3호,1195,1190,193,
1174,대덕전자1우,9200,9190,193,코스피1175위
1175,TIGER 삼성그룹펀더멘털,12250,12200,191,
1176,신한 레버리지 구리 선물 ETN,19095,18070,191,
1177,넥센타이어1우B,2900,2895,188,코스피1178위
1178,한화투자증권우,3925,3960,188,코스피1179위
1179,TIGER LG그룹+펀더멘털,11165,10955,188,
1180,KODEX 구리선물(H),7465,7485,187,
1181,KODEX 미국채울트라30년선물(H),11650,11675,186,
1182,ARIRANG 고배당저변동50,10310,10230,186,
1183,신한 인버스 2X WTI원유 선물 ETN(H),740,755,185,
1184,코리아써우,6230,6220,185,코스피1185위
1185,KOSEF 미국달러선물인버스2X,8685,8610,183,
1186,한화우,38100,38000,183,코스피1187위
1187,QV 운송 TOP5 ETN,9075,9075,182,
1188,삼성 레버리지 구리 선물 ETN(H),18005,17005,180,
1189,SK증권우,4540,4600,178,코스피1190위
1190,미래에셋 원유선물혼합 ETN(H),17670,17540,177,
1191,ARIRANG 미국나스닥기술주,19620,20100,177,
1192,QV 미국 IT TOP5 ETN(H),24950,24835,175,
1193,일정실업,14500,14550,174,코스피1194위
1194,TIGER AI코리아그로스액티브,13370,13260,174,
1195,삼양홀딩스우,57100,57300,174,코스피1196위
1196,KODEX Fn멀티팩터,14455,14340,173,
1197,HANARO KRX300,19005,18685,171,
1198,KINDEX 밸류대형,9940,9725,169,
1199,신한 코스피 콘도르 6/10% ETN,8445,8445,169,
1200,QV 건설 TOP5 ETN,8300,8300,166,
1201,KINDEX 인도네시아MSCI(합성),8710,8750,165,
1202,신한 인버스 콩 선물 ETN(H),8240,8340,165,
1203,일양약품우,36950,36700,164,코스피1204위
1204,TIGER 200 중공업,2755,2775,164,
1205,신한 코스피 월별 양매도 5% OTM ETN,8205,8205,164,
1206,KODEX MSCI밸류,12600,12520,164,
1207,ARIRANG 200선물인버스2X,4290,4370,163,
1208,신한 인버스 2X 미국달러 선물 ETN,8115,8115,162,
1209,TIGER 유로스탁스레버리지(합성 H),8065,8120,161,
1210,삼성 인버스 2X 은 선물 ETN(H),1610,1605,161,
1211,신한 옥수수 선물 ETN(H),8045,8050,161,
1212,KINDEX 중장기국공채액티브,102015,101950,160,
1213,현대건설우,162000,161500,160,코스피1214위
1214,신한 코스피 월별 양매도 3% OTM ETN,7985,7985,160,
1215,KOSEF Fn중소형,22470,22510,157,
1216,QV 내수소비 TOP5 ETN,7810,7785,156,
1217,KBSTAR 채권혼합,64160,63925,154,
1218,KOSEF 코스피100,32070,31815,154,
1219,신한 코스피 콘도르 4/10% ETN,7630,7630,153,
1220,ARIRANG 코스피50,29710,29425,152,
1221,삼양사우,40850,41350,151,코스피1222위
1222,KBSTAR KQ고배당,15020,14985,150,
1223,KBSTAR 코스피ex200,12485,12445,150,
1224,TIGER S&P글로벌헬스케어(합성),14900,14975,149,
1225,KTOP 코스피50,30075,29610,149,
1226,KINDEX 미국IT인터넷S&P(합성 H),18500,18515,148,
1227,대신 2X 아연선물 ETN(H),7380,7170,148,
1228,TREX 200,42115,41760,147,
1229,코오롱우,13600,13450,146,코스피1230위
1230,KODEX 코스피100,32500,32310,146,
1231,KODEX 최소변동성,12145,12045,146,
1232,KODEX 200미국채혼합,12980,12945,145,
1233,KODEX 3대농산물선물(H),10070,10090,145,
1234,TRUE 인버스 2X S&P500 선물 ETN(H),2890,2900,144,
1235,태영건설우,11050,11050,144,코스피1236위
1236,파워 코스피100,32560,32240,143,
1237,KBSTAR 200IT,17445,17225,143,
1238,TIGER 은행,6875,6905,143,
1239,KINDEX 중국본토CSI300레버리지(합성),5915,6035,142,
1240,TIGER 유로스탁스배당30,11810,11775,142,
1241,TIGER 일본니케이225,17695,17855,142,
1242,신한 인버스 금 선물 ETN(H),7075,7085,142,
1243,ARIRANG 200선물레버리지,47030,46040,141,
1244,KBSTAR KRX300레버리지,20040,19670,140,
1245,TIGER 코스피고배당,12585,12530,140,
1246,TIGER 글로벌자원생산기업(합성 H),12670,12690,139,
1247,KODEX KTOP30,22980,22830,138,
1248,신한 레버리지 Russell 2000 ETN,13355,13400,134,
1249,KINDEX 일본Nikkei225(H),18905,18705,132,
1250,KB FnGuide 언택트 ETN,13220,13290,132,
1251,KODEX 혁신기술테마액티브,13220,13145,132,
1252,KINDEX 블룸버그베트남VN30선물레버리지(H),13155,13250,132,
1253,NPC우,2475,2440,131,코스피1254위
1254,ARIRANG 우량회사채50 1년,108580,108595,130,
1255,KODEX 삼성그룹밸류,9230,9150,129,
1256,TIGER 미국달러선물인버스2X,9835,9720,128,
1257,KB KRX300 ETN,12770,12770,128,
1258,TIGER 200커뮤니케이션서비스,28855,29320,127,
1259,KODEX 철강,8230,7895,127,
1260,KODEX K-이노베이션액티브,11480,11355,126,
1261,KINDEX 스마트모멘텀,17975,17805,126,
1262,KODEX 미국채10년선물,11295,11350,124,
1263,TIGER 코스피중형주,15515,15270,124,
1264,KBSTAR 헬스케어채권혼합,12375,12365,124,
1265,KINDEX 스마트밸류,15465,15340,124,
1266,신한 인버스 구리 선물 ETN(H),6180,6320,124,
1267,신한 인버스 WTI원유 선물 ETN(H),6175,6220,124,
1268,KINDEX 레버리지,10260,10160,123,
1269,유유제약1우,10800,11050,122,코스피1270위
1270,TRUE FTSE100 ETN,12170,12250,122,
1271,KOSEF 블루칩,10115,10065,121,
1272,KB KRX ESG Eco ETN,12030,12065,120,
1273,KOSEF KRX100,6675,6615,120,
1274,KODEX 코스닥150롱코스피200숏선물,8005,7920,120,
1275,신한 FnGuide 5G 테마주 ETN,11995,12105,120,
1276,남선알미우,38900,39500,120,코스피1277위
1277,QV S&P500 VIX S/T 선물 ETN B,11975,11715,120,
1278,SK네트웍스우,105000,106500,119,코스피1279위
1279,KODEX TRF7030,11825,11845,118,
1280,TRUE 레버리지 HSCEI ETN(H),11795,11360,118,
1281,신한 인버스 2X 은 선물 ETN(H),2350,2340,118,
1282,ARIRANG 고배당주채권혼합,10675,10645,117,
1283,KOSEF 국고채10년레버리지,129335,128610,116,
1284,TIGER 일본TOPIX헬스케어(합성),11630,11505,116,
1285,KODEX 모멘텀Plus,11625,11460,116,
1286,KODEX S&P글로벌인프라(합성),10990,10920,116,
1287,ARIRANG KRX300,19230,18970,115,
1288,TIGER 구리실물,9390,9355,115,
1289,KINDEX 러시아MSCI(합성),25560,25875,115,
1290,신한 인버스 2X 다우존스지수 선물 ETN(H),2870,2870,115,
1291,QV 제약 TOP5 ETN,5680,5660,114,
1292,TRUE 코스피 커버드콜 ETN B,11350,11350,114,
1293,TIGER KTOP30,11350,11300,114,
1294,KODEX TRF5050,11340,11340,113,
1295,KINDEX 싱가포르리츠,11330,11425,113,
1296,대한제당우,17450,17400,113,코스피1297위
1297,서울식품우,5080,5100,113,코스피1298위
1298,KBSTAR 중국MSCI China선물(H),14960,14650,112,
1299,삼성 인버스 2X 금 선물 ETN(H),11095,11120,111,
1300,KBSTAR 주식혼합,44305,43945,111,
1301,KOSEF 미국달러선물인버스,10635,10575,111,
1302,하나 KRX300 ETN,11055,11055,111,
1303,TIGER 경기방어채권혼합,9955,9980,110,
1304,대신 인버스 2X 니켈선물 ETN(H),5470,5760,109,
1305,TIGER 일본TOPIX(합성 H),15615,15370,109,
1306,TRUE 인버스 플래티넘 선물 ETN,10910,10910,109,
1307,TIGER 이머징마켓MSCI레버리지(합성 H),15395,15380,108,
1308,TRUE S&P500 양매도 4% OTM ETN(H),10750,10750,108,
1309,TIGER 코스피대형주,15315,15305,107,
1310,ARIRANG 국채선물3년,53530,53550,107,
1311,DB하이텍1우,95300,93800,107,코스피1312위
1312,대신 니켈선물 ETN(H),15290,15075,107,
1313,KBSTAR KRX300미국달러선물혼합,15255,15165,107,
1314,KODEX 게임산업,13220,13075,106,
1315,KODEX 콩선물(H),11725,11655,106,
1316,KINDEX 스마트하이베타,14855,14720,104,
1317,KODEX 보험,6105,5960,104,
1318,TIGER 코스닥150IT,15710,15430,104,
1319,KINDEX 스마트로우볼,17275,17140,104,
1320,넥센우,2865,2900,103,코스피1321위
1321,TRUE 유로선물 ETN B,10260,10295,103,
1322,KODEX 다우존스미국리츠(H),11400,11485,103,
1323,신한 달러인덱스 선물 ETN(H),10230,10230,102,
1324,KB 인버스 2X 나스닥 100 ETN,10160,10295,102,
1325,TREX 펀더멘탈 200,40605,40605,102,
1326,삼성 화장품 테마주 ETN,5060,5070,101,
1327,KB 레버리지 나스닥 100 ETN,9960,9935,100,
1328,KINDEX 일본TOPIX레버리지(H),19900,19565,100,
1329,ARIRANG KS밸류가중TR,15240,15145,99,
1330,TRUE 인버스 엔선물 ETN B,9890,9860,99,
1331,TIGER 미국S&P500선물인버스(H),4495,4500,99,
1332,KINDEX 국고채10년,96955,96760,99,
1333,SMART 선진국MSCI World(합성 H),16430,16360,99,
1334,TRUE 엔선물 ETN B,9850,9925,98,
1335,TRUE 유로스탁스50 양매도 5% OTM ETN(H),9840,9840,98,
1336,미래에셋 인버스 미디어엔터 Core5 ETN,9825,9840,98,
1337,KBSTAR V&S셀렉트밸류채권혼합,12280,12245,98,
1338,현대비앤지스틸우,89300,89100,98,코스피1339위
1339,TIGER 코스닥150바이오테크,13235,13185,98,
1340,신한 인버스 달러인덱스 선물 ETN(H),9780,9775,98,
1341,KINDEX 모닝스타싱가포르리츠채권혼합,9760,9765,98,
1342,계양전기우,6940,7170,97,코스피1343위
1343,대덕1우,8000,8080,97,코스피1344위
1344,SMART 중국본토 중소형 CSI500(합성 H),5385,5325,97,
1345,KINDEX 일본TOPIX인버스(합성 H),4610,4670,97,
1346,KODEX 미국S&P산업재(합성),18030,18030,96,
1347,KODEX 운송,5650,5470,96,
1348,TRUE 인버스 유로선물 ETN B,9555,9555,96,
1349,TRUE 레버리지 엔선물 ETN B,9510,9510,95,
1350,신한 USD K200 선물 바이셀 ETN,4750,4810,95,
1351,KODEX 200동일가중,11845,11845,95,
1352,신한 인버스 은 선물 ETN(H),4710,4690,94,
1353,KODEX TSE일본리츠(H),11755,11815,94,
1354,KODEX 일본TOPIX100,15660,16990,94,
1355,하나 KRX BBIG K-뉴딜 ETN,9350,9265,94,
1356,태양금속우,2805,2830,93,코스피1357위
1357,KBSTAR V&S셀렉트밸류,15415,15280,92,
1358,TIGER 일본엔선물,10210,10375,92,
1359,미래에셋 인버스 S&P500 ETN(H),4575,4575,92,
1360,TIGER 우량가치,11290,11210,91,
1361,성신양회우,12400,12700,91,코스피1362위
1362,TRUE 플래티넘 선물 ETN,9105,9175,91,
1363,삼성 S&P500 VIX S/T 선물 ETN(H) B,12105,12260,91,
1364,KBSTAR 모멘텀로우볼,16480,16255,91,
1365,신한 인버스 다우존스지수 선물 ETN(H),4515,4510,90,
1366,KBSTAR 고배당,12040,11980,90,
1367,KBSTAR 200커뮤니케이션서비스,17950,18055,90,
1368,마이다스 200커버드콜5%OTM,14895,14895,89,
1369,KOSEF 200 선물,18805,18620,88,
1370,KOSEF 200선물인버스2X,2140,2165,88,
1371,금호산업우,30150,30500,88,코스피1372위
1372,ARIRANG KS모멘텀가중TR,15935,15815,88,
1373,HANARO 글로벌럭셔리S&P(합성),15900,15915,87,
1374,TIGER 의료기기,17395,17145,87,
1375,TRUE 인버스 HSCEI ETN(H) B,8685,8890,87,
1376,미래에셋 인버스 원유선물혼합 ETN(H),8670,8745,87,
1377,신한 코스피 콘도르 6/10% 콜 2204-01 ETN,8670,8670,87,
1378,HANARO KAP초장기국고채,46830,46580,86,
1379,신한 인버스 Russell 2000 ETN,8590,8650,86,
1380,KBSTAR 5대그룹주,8480,8410,85,
1381,KBSTAR 게임테마,14095,14060,85,
1382,TRUE 인버스 2X 유로스탁스50 ETN(H),4205,4200,84,
1383,TIGER 라틴35,2985,3020,84,
1384,KBSTAR 미국고정배당우선증권ICE TR,9795,9810,83,
1385,동원시스템즈우,31250,31500,83,코스피1386위
1386,신한 코스피 월별 양매도 5% 콜 2206-1 ETN,8255,8255,83,
1387,KODEX MSCI모멘텀,13695,13590,82,
1388,미래에셋 인버스 에너지화학 Core5 ETN,4090,4100,82,
1389,KINDEX 삼성그룹동일가중,16330,16225,82,
1390,삼성 인버스 China A50 선물 ETN(H),8145,8050,81,
1391,신한 인버스 2X S&P500 선물 ETN,4065,4095,81,
1392,TIGER 차이나항셍25,17945,17955,81,
1393,신한 코스피 콘도르 4/10% 콜 2204-01 ETN,8050,8050,80,
1394,신한 코스피 월별 양매도 3% 콜 2206-1 ETN,8045,8045,80,
1395,ARIRANG KS로우볼가중TR,13310,13270,80,
1396,KINDEX 코스닥(합성),13230,13230,79,
1397,한양증권우,15050,15400,79,코스피1398위
1398,크라운제과우,10200,10000,79,코스피1399위
1399,신한 천연가스 선물 ETN(H),2630,2655,79,
1400,HANARO 탄소효율그린뉴딜,9840,9765,79,
1401,TIGER 우선주,14575,14445,79,
1402,TIGER 로우볼,11525,11485,78,
1403,TIGER Fn신재생에너지,9765,9625,78,
1404,KINDEX 미국다우존스리츠(합성 H),77600,77600,78,
1405,KINDEX 코스피,31035,30790,78,
1406,마이티 코스피100,32300,32300,78,
1407,KBSTAR 글로벌데이터센터리츠나스닥(합성),9675,10130,77,
1408,KINDEX 스마트퀄리티,19280,19125,77,
1409,코오롱글로벌우,24300,24500,76,코스피1410위
1410,KODEX 미국S&P바이오(합성),33670,34300,76,
1411,KINDEX Fn K-뉴딜디지털플러스,15070,15075,75,
1412,대상홀딩스우,8230,8170,75,코스피1413위
1413,흥국 S&P코리아로우볼,10885,10885,75,
1414,크라운해태홀딩스우,12500,12450,75,코스피1415위
1415,TIGER 200커버드콜5%OTM,14995,15045,75,
1416,ARIRANG 미국다우존스고배당주(합성 H),14140,14055,75,
1417,KINDEX 배당성장,37205,37025,74,
1418,TIGER 미국달러선물레버리지,9285,9350,74,
1419,KODEX 기계장비,4700,4720,74,
1420,ARIRANG 심천차이넥스트(합성),12370,12390,74,
1421,대신 아연선물 ETN(H),10560,10630,74,
1422,TIGER 금은선물(H),9175,9160,73,
1423,TIGER 모멘텀,22840,22410,73,
1424,KODEX 경기소비재,12175,11910,73,
1425,KINDEX 인버스,4825,4955,72,
1426,KOSEF 코스닥150선물레버리지,5950,5845,72,
1427,ARIRANG 중형주저변동50,11055,10950,72,
1428,신한 인버스 2X Russell 2000 ETN,7175,7225,72,
1429,TIGER 배당성장,18395,18300,72,
1430,KOSEF 고배당,7970,7935,72,
1431,ARIRANG 주도업종,11950,11800,72,
1432,KBSTAR 차이나항셍테크,10950,11105,71,
1433,KBSTAR 헬스케어,15800,15825,71,
1434,TRUE 코스피 커버드풋 ETN B,7080,7125,71,
1435,TIGER 국채선물3년인버스,49685,49725,70,
1436,KOSEF 미국방어배당성장나스닥,9900,9900,69,
1437,파워 고배당저변동성,28825,28685,69,
1438,ARIRANG 탄소효율그린뉴딜,9790,9735,69,
1439,TRUE 인버스 유로스탁스50 ETN(H) B,6830,6900,68,
1440,TIGER 200 철강소재,8280,8015,68,
1441,KINDEX 멕시코MSCI(합성),8450,8490,68,
1442,하이트진로홀딩스우,14350,14300,68,코스피1443위
1443,KBSTAR 팔라듐선물(H),13470,13450,67,
1444,대원전선우,2555,2550,67,코스피1445위
1445,TIGER K게임,12150,12135,67,
1446,ARIRANG 스마트베타Quality채권혼합,11055,11105,66,
1447,TIGER 베타플러스,19405,19115,66,
1448,CJ씨푸드1우,32900,33250,66,코스피1449위
1449,HANARO 농업융복합산업,11940,11785,66,
1450,TIGER 200동일가중,11930,11930,66,
1451,ARIRANG 신흥국MSCI인버스(합성 H),9090,9085,65,
1452,TIGER 200커버드콜ATM,10835,10835,65,
1453,KBSTAR 차이나HSCEI(H),12960,13055,65,
1454,TIGER 대형성장,12930,12795,65,
1455,KODEX FnKorea50,10750,10750,64,
1456,KODEX MSCI퀄리티,10710,10710,64,
1457,대신 인버스 아연선물 ETN(H),9100,9115,64,
1458,KODEX 퀄리티Plus,10615,10510,64,
1459,깨끗한나라우,17350,17850,64,코스피1460위
1460,TIGER 증권,4465,4490,63,
1461,ARIRANG 코스피중형주,11510,11320,63,
1462,ARIRANG 국채선물10년,56290,56145,63,
1463,KBSTAR Fn K-뉴딜디지털플러스,12595,12585,63,
1464,KBSTAR KRX국채선물3년10년스티프너2X,52350,52410,63,
1465,TIGER 지주회사,11345,11310,62,
1466,ARIRANG KRX300헬스케어,13530,13550,62,
1467,KODEX 200 중소형,12380,12250,62,
1468,KBSTAR KRX국채선물3년10년스티프너,51360,51405,62,
1469,TIGER 대형가치,12260,12175,61,
1470,파워 중기국고채,101815,101815,61,
1471,금강공업우,10350,10650,61,코스피1472위
1472,TIGER 200 경기소비재,18955,18630,61,
1473,HANARO 코스닥150선물레버리지,12040,11805,60,
1474,TIGER 방송통신,8300,8280,60,
1475,KBSTAR 미국장기국채선물레버리지(합성 H),11925,11970,60,
1476,KINDEX Fn성장소비주도주,7440,7415,60,
1477,KBSTAR KRX국채선물3년10년플래트너,49545,49510,59,
1478,ARIRANG 선진국MSCI(합성 H),11410,11660,59,
1479,마이티 200커버드콜ATM레버리지,9885,9795,59,
1480,KODEX MSCI EM선물(H),10695,10635,59,
1481,KBSTAR KRX국채선물3년10년플래트너2X,48815,48685,59,
1482,신한 인버스 2X 금 선물 ETN,5840,5870,58,
1483,TIGER 국채선물10년인버스,48405,48525,58,
1484,노루페인트우,12300,12500,57,코스피1485위
1485,TIGER 중소형가치,11380,11475,57,
1486,KBSTAR 중소형고배당,11265,11425,56,
1487,KBSTAR 미국장기국채선물(H),11125,11250,56,
1488,TIGER 중소형성장,11055,11090,55,
1489,TIGER 가격조정,25075,24760,55,
1490,QV 인버스 레버리지 S&P500 ETN,2740,2720,55,
1491,KINDEX 필리핀MSCI(합성),13695,13295,55,
1492,TRUE 인버스 2X HSCEI ETN(H),5450,5675,54,
1493,흥국화재우,7090,7100,54,코스피1494위
1494,KINDEX 차이나항셍테크,10850,10900,54,
1495,신한 인버스 브렌트원유 선물 ETN(H),5395,5430,54,
1496,JW중외제약2우B,58000,58700,54,코스피1496위
1497,KBSTAR 중소형모멘텀밸류,11840,11840,53,
1498,KG동부제철우,99300,99400,53,코스피1499위
1499,TIGER MSCI KOREA ESG유니버설,12610,12490,53,
1500,TRUE 인버스 나스닥 100 ETN,5165,5175,52,
1501,KBSTAR 국채선물10년인버스,47725,47800,52,
1502,KODEX 미국달러선물인버스,10205,10160,51,
1503,JW중외제약우,28750,29400,51,코스피1503위
1504,KBSTAR 내수주플러스,10560,10485,51,
1505,KODEX 국채선물3년인버스,49675,49710,51,
1506,KBSTAR 200고배당커버드콜ATM,7225,7210,51,
1507,동부건설우,22050,22000,50,코스피1508위
1508,TIGER S&P글로벌인프라(합성),9945,9910,50,
1509,KINDEX 국채선물3년인버스,99270,99365,50,
1510,KBSTAR 200에너지화학,13615,13500,49,
1511,ARIRANG 코스닥150선물인버스,7505,7630,49,
1512,코리아써키트2우B,6170,6300,48,코스피1513위
1513,KINDEX 국채선물10년인버스,95510,95510,48,
1514,KODEX 미국채울트라30년선물인버스(H),7945,7950,48,
1515,성문전자우,7910,8070,47,코스피1516위
1516,ARIRANG 글로벌MSCI(합성 H),15795,15970,47,
1517,KODEX 미국달러선물인버스2X,9865,9765,47,
1518,KODEX 밸류Plus,9435,9350,47,
1519,KODEX WTI원유선물인버스(H),9910,9960,47,
1520,유유제약2우B,28450,27950,47,코스피1521위
1521,KODEX China H선물인버스(H),9270,9380,46,
1522,ARIRANG KS퀄리티가중TR,15420,15355,46,
1523,KBSTAR 200선물인버스,5110,5205,46,
1524,KBSTAR 차이나H선물인버스(H),9130,9200,46,
1525,KOSEF 코스닥150선물인버스,8600,8705,46,
1526,KBSTAR 코스닥150선물인버스,4995,5080,45,
1527,미래에셋 인버스 전기전자 Core5 ETN,2195,2195,44,
1528,KOSEF 코스닥150선물,9080,8960,44,
1529,ARIRANG 200동일가중,10780,10645,43,
1530,진흥기업우B,4965,4905,43,코스피1531위
1531,KBSTAR 200생활소비재,8865,8925,43,
1532,TIGER 200 산업재,6045,5930,42,
1533,KBSTAR 미국장기국채선물인버스(H),8440,8450,42,
1534,KOSEF 200선물인버스,5125,5150,42,
1535,TIGER 200 생활소비재,11605,11705,42,
1536,KODEX 멀티에셋하이인컴(H),10335,10245,41,
1537,동양우,6690,6690,41,코스피1538위
1538,ARIRANG ESG우수기업,8950,8905,40,
1539,KOSEF 배당바이백Plus,16080,16080,40,
1540,ARIRANG KS로우사이즈가중TR,16030,15895,40,
1541,TIGER 일본엔선물레버리지,9950,10170,40,
1542,대신 인버스 니켈선물 ETN(H),5675,5780,40,
1543,KOSEF 저PBR가중,15790,15670,39,
1544,KODEX 골드선물인버스(H),7750,7765,39,
1545,TIGER 일본엔선물인버스,9620,9530,38,
1546,TIGER 원유선물인버스(H),6955,7225,38,
1547,삼성 인버스 2X 구리 선물 ETN(H),3805,4020,38,
1548,TIGER 금속선물(H),6240,6100,37,
1549,ARIRANG S&P글로벌인프라,10680,10600,37,
1550,KBSTAR 수출주,12375,12210,37,
1551,KBSTAR 모멘텀밸류,14700,14525,37,
1552,KBSTAR 중소형모멘텀로우볼,10400,10465,36,
1553,동양2우B,11500,11700,35,코스피1554위
1554,TIGER 일본엔선물인버스2X,8840,8685,35,
1555,신한 인버스 2X 구리 선물 ETN,3520,3735,35,
1556,ARIRANG 코스닥150,13875,13715,35,
1557,KBSTAR 우량업종,11535,11410,35,
1558,KBSTAR 미국장기국채선물인버스2X(합성 H),6820,6890,34,
1559,진흥기업2우B,11500,11300,34,코스피1560위
1560,신원우,33350,33250,30,코스피1561위
1561,흥국화재2우B,19600,19600,30,코스피1562위
1562,대신 인버스 철광석 선물 ETN(H),1505,1500,30,
1563,KBSTAR 국채선물10년,55365,55280,30,
1564,노루홀딩스우,15600,16350,29,코스피1565위
1565,ARIRANG KRX300IT,19805,19900,28,
1566,KBSTAR 팔라듐선물인버스(H),5270,5260,26,
1567,KBSTAR 200금융,8195,8150,25,
1568,KBSTAR 200경기소비재,11810,11615,24,
1569,동양3우B,24850,25800,22,코스피1570위
1570,KBSTAR 200중공업,8480,8475,22,
1571,KBSTAR 200건설,10945,10945,20,
1572,KBSTAR 200산업재,10810,10620,19,
1573,KBSTAR 200철강소재,7920,7700,19,
1574,QV 인버스 레버리지 WTI원유 선물 ETN(H),680,690,14,
